"has_plant","mean_pm25"
FALSE,7.9941187955026
TRUE,7.88438728185113
