"near_plant","mean_pm25"
FALSE,7.92150300072644
TRUE,7.91806427872046
